"Name","ProcessId","ParentProcessId","CreationDate","CommandLine","ExecutablePath"
"System Idle Process","0","0","07-08-2025 14:56:17",,
"System","4","0","07-08-2025 14:56:17",,
"Registry","124","4","07-08-2025 14:56:12",,
"smss.exe","460","4","07-08-2025 14:56:17",,
"csrss.exe","660","628","07-08-2025 14:56:19",,
"wininit.exe","732","628","07-08-2025 14:56:19",,
"csrss.exe","740","724","07-08-2025 14:56:19",,
"winlogon.exe","804","724","07-08-2025 14:56:19","winlogon.exe","C:\WINDOWS\system32\winlogon.exe"
"services.exe","876","732","07-08-2025 14:56:19",,
"lsass.exe","896","732","07-08-2025 14:56:20","C:\WINDOWS\system32\lsass.exe","C:\WINDOWS\system32\lsass.exe"
"svchost.exe","540","876","07-08-2025 14:56:20","C:\WINDOWS\system32\svchost.exe -k DcomLaunch -p","C:\WINDOWS\system32\svchost.exe"
"fontdrvhost.exe","560","804","07-08-2025 14:56:20","""fontdrvhost.exe""","C:\WINDOWS\system32\fontdrvhost.exe"
"fontdrvhost.exe","440","732","07-08-2025 14:56:20","""fontdrvhost.exe""","C:\WINDOWS\system32\fontdrvhost.exe"
"svchost.exe","868","876","07-08-2025 14:56:20","C:\WINDOWS\system32\svchost.exe -k RPCSS -p","C:\WINDOWS\system32\svchost.exe"
"LogonUI.exe","1128","804","07-08-2025 14:56:20","""LogonUI.exe"" /flags:0x2 /state0:0xa3bd4855 /state1:0x41c64e6d","C:\WINDOWS\system32\LogonUI.exe"
"dwm.exe","1172","804","07-08-2025 14:56:20","""dwm.exe""","C:\WINDOWS\system32\dwm.exe"
"svchost.exe","1236","876","07-08-2025 14:56:20","C:\WINDOWS\System32\svchost.exe -k NetworkService","C:\WINDOWS\System32\svchost.exe"
"svchost.exe","1260","876","07-08-2025 14:56:20","C:\WINDOWS\System32\svchost.exe -k LocalSystemNetworkRestricted -p","C:\WINDOWS\System32\svchost.exe"
"svchost.exe","1308","876","07-08-2025 14:56:20","C:\WINDOWS\System32\svchost.exe -k LocalServiceNetworkRestricted -p","C:\WINDOWS\System32\svchost.exe"
"svchost.exe","1320","876","07-08-2025 14:56:20","C:\WINDOWS\system32\svchost.exe -k LocalService -p","C:\WINDOWS\system32\svchost.exe"
"svchost.exe","1328","876","07-08-2025 14:56:20","C:\WINDOWS\system32\svchost.exe -k LocalService","C:\WINDOWS\system32\svchost.exe"
"svchost.exe","1452","876","07-08-2025 14:56:20","C:\WINDOWS\system32\svchost.exe -k NetworkService -p","C:\WINDOWS\system32\svchost.exe"
"svchost.exe","1528","876","07-08-2025 14:56:20","C:\WINDOWS\system32\svchost.exe -k netsvcs -p","C:\WINDOWS\system32\svchost.exe"
"svchost.exe","1552","876","07-08-2025 14:56:20","C:\WINDOWS\System32\svchost.exe -k netprofm -p","C:\WINDOWS\System32\svchost.exe"
"svchost.exe","1572","876","07-08-2025 14:56:20","C:\WINDOWS\system32\svchost.exe -k UserProfileService -p","C:\WINDOWS\system32\svchost.exe"
"svchost.exe","1656","876","07-08-2025 14:56:21","C:\WINDOWS\system32\svchost.exe -k LocalServiceNoNetworkFirewall -p","C:\WINDOWS\system32\svchost.exe"
"svchost.exe","1664","876","07-08-2025 14:56:21","C:\WINDOWS\system32\svchost.exe -k LocalServiceNoNetwork -p","C:\WINDOWS\system32\svchost.exe"
"svchost.exe","1792","876","07-08-2025 14:56:21","C:\WINDOWS\system32\svchost.exe -k netsvcs","C:\WINDOWS\system32\svchost.exe"
"svchost.exe","2072","876","07-08-2025 14:56:21","C:\WINDOWS\system32\svchost.exe -k LocalServiceHttp -p","C:\WINDOWS\system32\svchost.exe"
"Memory Compression","2224","4","07-08-2025 14:56:21",,
"svchost.exe","2280","876","07-08-2025 14:56:21","C:\WINDOWS\System32\svchost.exe -k NetworkService -p","C:\WINDOWS\System32\svchost.exe"
"svchost.exe","2336","876","07-08-2025 14:56:21","C:\WINDOWS\System32\svchost.exe -k LocalServiceNetworkRestricted -p","C:\WINDOWS\System32\svchost.exe"
"svchost.exe","2460","876","07-08-2025 14:56:21","C:\WINDOWS\System32\svchost.exe -k LocalServiceNetworkRestricted -p -s DusmSvc","C:\WINDOWS\System32\svchost.exe"
"svchost.exe","2468","876","07-08-2025 14:56:21","C:\WINDOWS\system32\svchost.exe -k LocalServiceNetworkRestricted -p -s Wcmsvc","C:\WINDOWS\system32\svchost.exe"
"svchost.exe","2660","876","07-08-2025 14:56:21","C:\WINDOWS\system32\svchost.exe -k appmodel -p","C:\WINDOWS\system32\svchost.exe"
"spoolsv.exe","2672","876","07-08-2025 14:56:21","C:\WINDOWS\System32\spoolsv.exe","C:\WINDOWS\System32\spoolsv.exe"
"svchost.exe","2800","876","07-08-2025 14:56:21","C:\WINDOWS\system32\svchost.exe -k NetworkService -p","C:\WINDOWS\system32\svchost.exe"
"svchost.exe","2820","876","07-08-2025 14:56:21","C:\WINDOWS\System32\svchost.exe -k utcsvc -p","C:\WINDOWS\System32\svchost.exe"
"MpDefenderCoreService.exe","2916","876","07-08-2025 14:56:21",,
"VGAuthService.exe","2980","876","07-08-2025 14:56:21","""C:\Program Files\VMware\VMware Tools\VMware VGAuth\VGAuthService.exe""","C:\Program Files\VMware\VMware Tools\VMware VGAuth\VGAuthService.exe"
"vm3dservice.exe","2988","876","07-08-2025 14:56:21","C:\WINDOWS\system32\vm3dservice.exe","C:\WINDOWS\system32\vm3dservice.exe"
"vmtoolsd.exe","2996","876","07-08-2025 14:56:21","""C:\Program Files\VMware\VMware Tools\vmtoolsd.exe""","C:\Program Files\VMware\VMware Tools\vmtoolsd.exe"
"MsSense.exe","3024","876","07-08-2025 14:56:22",,
"svchost.exe","3064","876","07-08-2025 14:56:22","C:\WINDOWS\system32\svchost.exe -k WSAIFabricSvcGroup -p","C:\WINDOWS\system32\svchost.exe"
"MsMpEng.exe","2080","876","07-08-2025 14:56:22",,
"vm3dservice.exe","3248","2988","07-08-2025 14:56:22","C:\WINDOWS\system32\vm3dservice.exe -n","C:\WINDOWS\system32\vm3dservice.exe"
"svchost.exe","3320","876","07-08-2025 14:56:22","C:\WINDOWS\System32\svchost.exe -k LocalServiceNetworkRestricted","C:\WINDOWS\System32\svchost.exe"
"dllhost.exe","3772","876","07-08-2025 14:56:36","C:\WINDOWS\system32\dllhost.exe /Processid:{02D4B3F1-FD88-11D1-960D-00805FC79235}","C:\WINDOWS\system32\dllhost.exe"
"WmiPrvSE.exe","3908","540","07-08-2025 14:56:36","C:\WINDOWS\system32\wbem\wmiprvse.exe","C:\WINDOWS\system32\wbem\wmiprvse.exe"
"msdtc.exe","4052","876","07-08-2025 14:56:37","C:\WINDOWS\System32\msdtc.exe","C:\WINDOWS\System32\msdtc.exe"
"svchost.exe","4512","876","07-08-2025 14:56:38","C:\WINDOWS\system32\svchost.exe -k osprivacy -p","C:\WINDOWS\system32\svchost.exe"
"AggregatorHost.exe","4664","2820","07-08-2025 14:56:38","AggregatorHost.exe","C:\WINDOWS\System32\AggregatorHost.exe"
"SenseTVM.exe","3960","3024","07-08-2025 14:56:54","-","C:\Program Files\Windows Defender Advanced Threat Protection\SenseTVM.exe"
"SenseNdr.exe","4368","3024","07-08-2025 14:56:54","""C:\Program Files\Windows Defender Advanced Threat Protection\SenseNdr.exe"" -","C:\Program Files\Windows Defender Advanced Threat Protection\SenseNdr.exe"
"svchost.exe","5140","876","07-08-2025 14:56:58","C:\WINDOWS\system32\svchost.exe -k LocalServiceAndNoImpersonation -p","C:\WINDOWS\system32\svchost.exe"
"svchost.exe","6128","876","07-08-2025 14:58:39","C:\WINDOWS\System32\svchost.exe -k LocalSystemNetworkRestricted -p","C:\WINDOWS\System32\svchost.exe"
"svchost.exe","4864","876","07-08-2025 14:58:40","C:\WINDOWS\system32\svchost.exe -k whesvc -p","C:\WINDOWS\system32\svchost.exe"
"svchost.exe","5412","876","07-08-2025 14:58:40",,
"SearchIndexer.exe","1148","876","07-08-2025 14:58:40","C:\WINDOWS\system32\SearchIndexer.exe /Embedding","C:\WINDOWS\system32\SearchIndexer.exe"
"csrss.exe","4764","4092","07-08-2025 15:10:55",,
"winlogon.exe","4820","4092","07-08-2025 15:10:55","winlogon.exe","C:\WINDOWS\system32\winlogon.exe"
"fontdrvhost.exe","5968","4820","07-08-2025 15:10:55","""fontdrvhost.exe""","C:\WINDOWS\system32\fontdrvhost.exe"
"dwm.exe","1964","4820","07-08-2025 15:10:55","""dwm.exe""","C:\WINDOWS\system32\dwm.exe"
"svchost.exe","5240","876","07-08-2025 15:10:56","C:\WINDOWS\system32\svchost.exe -k LocalSystemNetworkRestricted","C:\WINDOWS\system32\svchost.exe"
"svchost.exe","3764","876","07-08-2025 15:11:07","C:\WINDOWS\system32\svchost.exe -k WebThreatDefense -p","C:\WINDOWS\system32\svchost.exe"
"rdpclip.exe","4420","1236","07-08-2025 15:11:08","rdpclip","C:\WINDOWS\System32\rdpclip.exe"
"sihost.exe","2132","1528","07-08-2025 15:11:08","sihost.exe","C:\WINDOWS\system32\sihost.exe"
"svchost.exe","6100","876","07-08-2025 15:11:08","C:\WINDOWS\system32\svchost.exe -k UnistackSvcGroup","C:\WINDOWS\system32\svchost.exe"
"svchost.exe","5852","876","07-08-2025 15:11:08","C:\WINDOWS\system32\svchost.exe -k LocalSystemNetworkRestricted -p","C:\WINDOWS\system32\svchost.exe"
"taskhostw.exe","5756","1528","07-08-2025 15:11:08","taskhostw.exe {222A245B-E637-4AE9-A93F-A59CA119A75E}","C:\WINDOWS\system32\taskhostw.exe"
"MicrosoftEdgeUpdate.exe","2784","1528","07-08-2025 15:11:08","""C:\Program Files (x86)\Microsoft\EdgeUpdate\MicrosoftEdgeUpdate.exe"" /c","C:\Program Files (x86)\Microsoft\EdgeUpdate\MicrosoftEdgeUpdate.exe"
"ShellHost.exe","564","2132","07-08-2025 15:11:09","""C:\Windows\System32\ShellHost.exe""","C:\Windows\System32\ShellHost.exe"
"explorer.exe","3968","2928","07-08-2025 15:11:09","C:\WINDOWS\Explorer.EXE","C:\WINDOWS\Explorer.EXE"
"CrossDeviceResume.exe","6160","2132","07-08-2025 15:11:09","""C:\WINDOWS\SystemApps\MicrosoftWindows.Client.CBS_cw5n1h2txyewy\CrossDeviceResume.exe"" /tileid MicrosoftWindows.Client.CBS_cw5n1h2txyewy!CrossDeviceResumeApp","C:\WINDOWS\SystemApps\MicrosoftWindows.Client.CBS_cw5n1h2txyewy\CrossDeviceResume.exe"
"svchost.exe","6852","876","07-08-2025 15:11:11","C:\WINDOWS\system32\svchost.exe -k ClipboardSvcGroup -p","C:\WINDOWS\system32\svchost.exe"
"SearchHost.exe","6260","540","07-08-2025 15:11:11","""C:\WINDOWS\SystemApps\MicrosoftWindows.Client.CBS_cw5n1h2txyewy\SearchHost.exe"" -ServerName:CortanaUI.AppXstmwaab17q5s3y22tp6apqz7a45vwv65.mca","C:\WINDOWS\SystemApps\MicrosoftWindows.Client.CBS_cw5n1h2txyewy\SearchHost.exe"
"StartMenuExperienceHost.exe","6384","540","07-08-2025 15:11:11","""C:\WINDOWS\SystemApps\Microsoft.Windows.StartMenuExperienceHost_cw5n1h2txyewy\StartMenuExperienceHost.exe"" -ServerName:App.AppXywbrabmsek0gm3tkwpr5kwzbs55tkqay.mca","C:\WINDOWS\SystemApps\Microsoft.Windows.StartMenuExperienceHost_cw5n1h2txyewy\StartMenuExperienceHost.exe"
"RuntimeBroker.exe","6748","540","07-08-2025 15:11:12","C:\Windows\System32\RuntimeBroker.exe -Embedding","C:\Windows\System32\RuntimeBroker.exe"
"svchost.exe","7172","876","07-08-2025 15:11:12","C:\WINDOWS\system32\svchost.exe -k UdkSvcGroup","C:\WINDOWS\system32\svchost.exe"
"RuntimeBroker.exe","7268","540","07-08-2025 15:11:12","C:\Windows\System32\RuntimeBroker.exe -Embedding","C:\Windows\System32\RuntimeBroker.exe"
"Widgets.exe","7356","540","07-08-2025 15:11:12","""C:\Program Files\WindowsApps\MicrosoftWindows.Client.WebExperience_525.15301.20.0_x64__cw5n1h2txyewy\Dashboard\Widgets.exe"" -ServerName:Microsoft.Windows.DashboardServer","C:\Program Files\WindowsApps\MicrosoftWindows.Client.WebExperience_525.15301.20.0_x64__cw5n1h2txyewy\Dashboard\Widgets.exe"
"msedgewebview2.exe","7704","6260","07-08-2025 15:11:13","""C:\Program Files (x86)\Microsoft\EdgeWebView\Application\138.0.3351.121\msedgewebview2.exe"" --embedded-browser-webview=1 --webview-exe-name=SearchHost.exe --webview-exe-version=2125.14803.30.0 --user-data-dir=""C:\Users\Admin\AppData\Local\Packages\MicrosoftWindows.Client.CBS_cw5n1h2txyewy\LocalState\EBWebView"" --noerrdialogs --disable-features=msSmartScreenProtection --edge-webview-enable-mojo-ipcz --enable-features=msEdgeFluentOverlayScrollbar --user-agent=""Mozilla/5.0 (Windows NT 10.0; Win64; x64; Cortana 1.18.9.23723; 10.0.0.0.26100.4652) AppleWebKit/537.36 (KHTML, like Gecko) Chrome/70.0.3538.102 Safari/537.36 Edge/18.26100 IsWebView2/True (WebView2Version 138.0.3351.121)"" --lang=en-GB --mojo-named-platform-channel-pipe=6260.7648.9172602513737241321 /pfhostedapp:06db1a42b8d90ce6ba6899e7d549268bbd176dc9","C:\Program Files (x86)\Microsoft\EdgeWebView\Application\138.0.3351.121\msedgewebview2.exe"
"msedgewebview2.exe","7820","7704","07-08-2025 15:11:14","""C:\Program Files (x86)\Microsoft\EdgeWebView\Application\138.0.3351.121\msedgewebview2.exe"" --type=crashpad-handler --user-data-dir=C:\Users\Admin\AppData\Local\Packages\MicrosoftWindows.Client.CBS_cw5n1h2txyewy\LocalState\EBWebView /prefetch:4 /pfhostedapp:06db1a42b8d90ce6ba6899e7d549268bbd176dc9 --monitor-self-annotation=ptype=crashpad-handler --database=C:\Users\Admin\AppData\Local\Packages\MicrosoftWindows.Client.CBS_cw5n1h2txyewy\LocalState\EBWebView\Crashpad --metrics-dir=C:\Users\Admin\AppData\Local\Packages\MicrosoftWindows.Client.CBS_cw5n1h2txyewy\LocalState\EBWebView --annotation=IsOfficialBuild=1 --annotation=channel= --annotation=chromium-version=138.0.7204.184 ""--annotation=exe=C:\Program Files (x86)\Microsoft\EdgeWebView\Application\138.0.3351.121\msedgewebview2.exe"" --annotation=plat=Win64 ""--annotation=prod=Edge WebView2"" --annotation=ver=138.0.3351.121 --initial-client-data=0x170,0x174,0x178,0x150,0x180,0x7ff9ed4ba178,0x7ff9ed4ba184,0x7ff9ed4ba190","C:\Program Files (x86)\Microsoft\EdgeWebView\Application\138.0.3351.121\msedgewebview2.exe"
"msedgewebview2.exe","8128","7704","07-08-2025 15:11:14","""C:\Program Files (x86)\Microsoft\EdgeWebView\Application\138.0.3351.121\msedgewebview2.exe"" --type=utility --utility-sub-type=network.mojom.NetworkService --lang=en-GB --service-sandbox-type=none --noerrdialogs --user-agent=""Mozilla/5.0 (Windows NT 10.0; Win64; x64; Cortana 1.18.9.23723; 10.0.0.0.26100.4652) AppleWebKit/537.36 (KHTML, like Gecko) Chrome/70.0.3538.102 Safari/537.36 Edge/18.26100 IsWebView2/True (WebView2Version 138.0.3351.121)"" --user-data-dir=""C:\Users\Admin\AppData\Local\Packages\MicrosoftWindows.Client.CBS_cw5n1h2txyewy\LocalState\EBWebView"" --webview-exe-name=SearchHost.exe --webview-exe-version=2125.14803.30.0 --embedded-browser-webview=1 --no-pre-read-main-dll --always-read-main-dll --field-trial-handle=1828,i,15465609884746148411,1463009192753789390,262144 --enable-features=ForceSWDCompWhenDCompFallbackRequired,msAggressiveCacheTrimming,msCustomDataPartition,msEdgeFluentOverlayScrollbar,msWebView2NoTabForScreenShare,msWebViewAppLifeCycleWorkaround --disable-features=BackForwardCache,BackgroundTabLoadingFromPerformanceManager,CloseOmniboxPopupOnInactiveAreaClick,CollectAVProductsInfo,CollectCodeIntegrityInfo,EnableHangWatcher,FilterAdsOnAbusiveSites,GetWifiProtocol,LoginDetection,MediaFoundationCameraUsageMonitoring,PreconnectToSearch,SafetyHub,SegmentationPlatform,SpareRendererForSitePerProcess,Ukm,WebPayments,msAITrackerClassification,msAbydosForWindowlessWV2,msAffirmVirtualCard,msAllowChromeWebstore,msAllowMSAPrtSSOForNonMSAProfile,msApplicationGuard,msAskBeforeClosingMultipleTabs,msAutoToggleAADPrtSSOForNonAADProfile,msAutofillEdgeCoupons,msAutofillEdgeCouponsAutoApply,msAutofillEdgeServiceRequest,msAutofillEnableEdgeSuggestions,msAutomaticTabFreeze,msBrowserSettingsSupported,msCoarseGeolocationService,msDataProtection,msDesktopMode,msDesktopRewards,msDisableVariationsSeedFetchThrottling,msEEProactiveHistory,msETFOffstoreExtensionFileDataCollection,msETFPasswordTheftDNRActionSignals,msEdgeAdPlatformUI,msEdgeAddWebCapturetoCollections,msEdgeAutofillShowDeployedPassword,msEdgeCaptureSelectionInPDF,msEdgeCloudConfigService,msEdgeCloudConfigServiceV2,msEdgeCohorts,msEdgeCollectionsPrismExperiment1,msEdgeCollectionsPrismOverallMigration,msEdgeComposeNext,msEdgeEnableNurturingFramework,msEdgeEnclavePrefsBasic,msEdgeEnclavePrefsNotification,msEdgeFaviconService,msEdgeHJTelemetry,msEdgeHubAppSkype,msEdgeImageEditorUI,msEdgeLinkDoctor,msEdgeMouseGestureDefaultEnabled,msEdgeMouseGestureSupported,msEdgeNewDeviceFre,msEdgeOnRampFRE,msEdgeOnRampImport,msEdgePDFCMHighlightUX,msEdgePasswordIris,msEdgePasswordIrisSaveBubble,msEdgeProngPersonalization,msEdgeReadingView,msEdgeRose,msEdgeScreenshotUI,msEdgeSendTabToSelf,msEdgeSettingsImport,msEdgeSettingsImportV2,msEdgeShoppingPersistentStorage,msEdgeShoppingUI,msEdgeSmartFind,msEdgeSuperDragDefaultEnabled,msEdgeSuperDragDropSupported,msEdgeTipping,msEdgeTranslate,msEdgeUseCaptivePortalService,msEdgeWebCapture,msEdgeWebCaptureUniformExperience,msEdgeWebContentFilteringFeedback,msEdgeWorkSearchBanner,msEnableCustomJobMemoryLimitsOnXbox,msEnableMIPForPDF,msEnablePdfUpsell,msEnableThirdPartyScanning,msEnableWebSignInCta,msEnableWebToBrowserSignIn,msEndpointDlp,msEntityExtraction,msExtensionTelemetryFramework,msExternalTaskManager,msFileSystemAccessDirectoryIterationBlocklistCheck,msForceBrowserSignIn,msForeignSessionsPage,msGeolocationAccessService,msGeolocationOSLocationPermissionFallback,msGeolocationSQMService,msGeolocationService,msGrowthInfraLaunchSourceLogging,msGuidedSwitchAllowed,msHubPinPersist,msImplicitSignin,msIrm,msIrmv2,msKlarnaVirtualCard,msLlmConsumerDlpPurview,msLoadStatistics,msLogIsEdgePinnedToTaskbarOnLaunch,msMIPCrossTenantPdfViewSupport,msMdatpWebSiteDlp,msNotificationPermissionForPWA,msNumberOfSitesToPin,msNurturingSitePinningWithWindowsConsent,msOnHoverSearchInSidebar,msOpenOfficeDocumentsInWebViewer,msPasswordBreachDetection,msPdfAnnotationsVisibility,msPdfDataRecovery,msPdfDigitalSignatureRead,msPdfFreeText,msPdfFreeTextForCJK,msPdfHighlightMode,msPdfInking,msPdfKeyphraseSupport,msPdfOOUI,msPdfPopupMarkerRenderer,msPdfShare,msPdfSharedLibrary,msPdfTextNote,msPdfTextNoteMoreMenu,msPdfThumbnailCache,msPdfUnderside,msPdfViewRestore,msPersonalizationUMA,msPriceComparison,msPrintInWebView2,msPromptDefaultHandlerForPDF,msReactiveSearch,msReadAloud,msReadAloudPdf,msRedirectToShoreline,msRevokeExtensions,msSaasDlp,msShoppingTrigger,msShorelineSearch,msShorelineSearchFindOnPageWebUI,msShowOfflineGameEntrance,msShowReadAloudIconInAddressBar,msShowUXForAADPrtSSOForNonAADProfile,msSitePinningWithoutUi,msSmartScreenProtection,msSuspendMessageForNewSessionWhenHavingPendingNavigation,msSyncEdgeCollections,msTabResourceStats,msTokenizationAutofillInlineEnabled,msTouchMode,msTriggeringSignalGenerator,msUserUnderstanding,msVideoSuperResolutionUI,msWalletBuyNow,msWalletCheckout,msWalletDiagnosticDataLogger,msWalletHubEntry,msWalletHubIntlP3,msWalletPartialCard,msWalletPasswordCategorization,msWalletPasswordCategorizationPlatformExpansion,msWalletTokenizationCardMetadata,msWalletTokenizedAutofill,msWebAssist,msWebAssistHistorySearchService,msWebOOUI,msWindowsTaskManager,msWindowsUserActivities,msZipPayVirtualCard --variations-seed-version --mojo-platform-channel-handle=2104 /prefetch:11 /pfhostedapp:06db1a42b8d90ce6ba6899e7d549268bbd176dc9","C:\Program Files (x86)\Microsoft\EdgeWebView\Application\138.0.3351.121\msedgewebview2.exe"
"msedgewebview2.exe","8136","7704","07-08-2025 15:11:14","""C:\Program Files (x86)\Microsoft\EdgeWebView\Application\138.0.3351.121\msedgewebview2.exe"" --type=gpu-process --noerrdialogs --user-agent=""Mozilla/5.0 (Windows NT 10.0; Win64; x64; Cortana 1.18.9.23723; 10.0.0.0.26100.4652) AppleWebKit/537.36 (KHTML, like Gecko) Chrome/70.0.3538.102 Safari/537.36 Edge/18.26100 IsWebView2/True (WebView2Version 138.0.3351.121)"" --user-data-dir=""C:\Users\Admin\AppData\Local\Packages\MicrosoftWindows.Client.CBS_cw5n1h2txyewy\LocalState\EBWebView"" --webview-exe-name=SearchHost.exe --webview-exe-version=2125.14803.30.0 --embedded-browser-webview=1 --no-pre-read-main-dll --gpu-preferences=UAAAAAAAAADgAAAEAAAAAAAAAAAAAAAAAABgAAEAAAAAAAAAAAAAAAAAAAACAAAAAAAAAAAAAAAAAAAAAAAAABAAAAAAAAAAEAAAAAAAAAAIAAAAAAAAAAgAAAAAAAAA --always-read-main-dll --field-trial-handle=1828,i,15465609884746148411,1463009192753789390,262144 --enable-features=ForceSWDCompWhenDCompFallbackRequired,msAggressiveCacheTrimming,msCustomDataPartition,msEdgeFluentOverlayScrollbar,msWebView2NoTabForScreenShare,msWebViewAppLifeCycleWorkaround --disable-features=BackForwardCache,BackgroundTabLoadingFromPerformanceManager,CloseOmniboxPopupOnInactiveAreaClick,CollectAVProductsInfo,CollectCodeIntegrityInfo,EnableHangWatcher,FilterAdsOnAbusiveSites,GetWifiProtocol,LoginDetection,MediaFoundationCameraUsageMonitoring,PreconnectToSearch,SafetyHub,SegmentationPlatform,SpareRendererForSitePerProcess,Ukm,WebPayments,msAITrackerClassification,msAbydosForWindowlessWV2,msAffirmVirtualCard,msAllowChromeWebstore,msAllowMSAPrtSSOForNonMSAProfile,msApplicationGuard,msAskBeforeClosingMultipleTabs,msAutoToggleAADPrtSSOForNonAADProfile,msAutofillEdgeCoupons,msAutofillEdgeCouponsAutoApply,msAutofillEdgeServiceRequest,msAutofillEnableEdgeSuggestions,msAutomaticTabFreeze,msBrowserSettingsSupported,msCoarseGeolocationService,msDataProtection,msDesktopMode,msDesktopRewards,msDisableVariationsSeedFetchThrottling,msEEProactiveHistory,msETFOffstoreExtensionFileDataCollection,msETFPasswordTheftDNRActionSignals,msEdgeAdPlatformUI,msEdgeAddWebCapturetoCollections,msEdgeAutofillShowDeployedPassword,msEdgeCaptureSelectionInPDF,msEdgeCloudConfigService,msEdgeCloudConfigServiceV2,msEdgeCohorts,msEdgeCollectionsPrismExperiment1,msEdgeCollectionsPrismOverallMigration,msEdgeComposeNext,msEdgeEnableNurturingFramework,msEdgeEnclavePrefsBasic,msEdgeEnclavePrefsNotification,msEdgeFaviconService,msEdgeHJTelemetry,msEdgeHubAppSkype,msEdgeImageEditorUI,msEdgeLinkDoctor,msEdgeMouseGestureDefaultEnabled,msEdgeMouseGestureSupported,msEdgeNewDeviceFre,msEdgeOnRampFRE,msEdgeOnRampImport,msEdgePDFCMHighlightUX,msEdgePasswordIris,msEdgePasswordIrisSaveBubble,msEdgeProngPersonalization,msEdgeReadingView,msEdgeRose,msEdgeScreenshotUI,msEdgeSendTabToSelf,msEdgeSettingsImport,msEdgeSettingsImportV2,msEdgeShoppingPersistentStorage,msEdgeShoppingUI,msEdgeSmartFind,msEdgeSuperDragDefaultEnabled,msEdgeSuperDragDropSupported,msEdgeTipping,msEdgeTranslate,msEdgeUseCaptivePortalService,msEdgeWebCapture,msEdgeWebCaptureUniformExperience,msEdgeWebContentFilteringFeedback,msEdgeWorkSearchBanner,msEnableCustomJobMemoryLimitsOnXbox,msEnableMIPForPDF,msEnablePdfUpsell,msEnableThirdPartyScanning,msEnableWebSignInCta,msEnableWebToBrowserSignIn,msEndpointDlp,msEntityExtraction,msExtensionTelemetryFramework,msExternalTaskManager,msFileSystemAccessDirectoryIterationBlocklistCheck,msForceBrowserSignIn,msForeignSessionsPage,msGeolocationAccessService,msGeolocationOSLocationPermissionFallback,msGeolocationSQMService,msGeolocationService,msGrowthInfraLaunchSourceLogging,msGuidedSwitchAllowed,msHubPinPersist,msImplicitSignin,msIrm,msIrmv2,msKlarnaVirtualCard,msLlmConsumerDlpPurview,msLoadStatistics,msLogIsEdgePinnedToTaskbarOnLaunch,msMIPCrossTenantPdfViewSupport,msMdatpWebSiteDlp,msNotificationPermissionForPWA,msNumberOfSitesToPin,msNurturingSitePinningWithWindowsConsent,msOnHoverSearchInSidebar,msOpenOfficeDocumentsInWebViewer,msPasswordBreachDetection,msPdfAnnotationsVisibility,msPdfDataRecovery,msPdfDigitalSignatureRead,msPdfFreeText,msPdfFreeTextForCJK,msPdfHighlightMode,msPdfInking,msPdfKeyphraseSupport,msPdfOOUI,msPdfPopupMarkerRenderer,msPdfShare,msPdfSharedLibrary,msPdfTextNote,msPdfTextNoteMoreMenu,msPdfThumbnailCache,msPdfUnderside,msPdfViewRestore,msPersonalizationUMA,msPriceComparison,msPrintInWebView2,msPromptDefaultHandlerForPDF,msReactiveSearch,msReadAloud,msReadAloudPdf,msRedirectToShoreline,msRevokeExtensions,msSaasDlp,msShoppingTrigger,msShorelineSearch,msShorelineSearchFindOnPageWebUI,msShowOfflineGameEntrance,msShowReadAloudIconInAddressBar,msShowUXForAADPrtSSOForNonAADProfile,msSitePinningWithoutUi,msSmartScreenProtection,msSuspendMessageForNewSessionWhenHavingPendingNavigation,msSyncEdgeCollections,msTabResourceStats,msTokenizationAutofillInlineEnabled,msTouchMode,msTriggeringSignalGenerator,msUserUnderstanding,msVideoSuperResolutionUI,msWalletBuyNow,msWalletCheckout,msWalletDiagnosticDataLogger,msWalletHubEntry,msWalletHubIntlP3,msWalletPartialCard,msWalletPasswordCategorization,msWalletPasswordCategorizationPlatformExpansion,msWalletTokenizationCardMetadata,msWalletTokenizedAutofill,msWebAssist,msWebAssistHistorySearchService,msWebOOUI,msWindowsTaskManager,msWindowsUserActivities,msZipPayVirtualCard --variations-seed-version --mojo-platform-channel-handle=1816 /prefetch:2 /pfhostedapp:06db1a42b8d90ce6ba6899e7d549268bbd176dc9","C:\Program Files (x86)\Microsoft\EdgeWebView\Application\138.0.3351.121\msedgewebview2.exe"
"msedgewebview2.exe","6676","7704","07-08-2025 15:11:15","""C:\Program Files (x86)\Microsoft\EdgeWebView\Application\138.0.3351.121\msedgewebview2.exe"" --type=utility --utility-sub-type=storage.mojom.StorageService --lang=en-GB --service-sandbox-type=service --noerrdialogs --user-agent=""Mozilla/5.0 (Windows NT 10.0; Win64; x64; Cortana 1.18.9.23723; 10.0.0.0.26100.4652) AppleWebKit/537.36 (KHTML, like Gecko) Chrome/70.0.3538.102 Safari/537.36 Edge/18.26100 IsWebView2/True (WebView2Version 138.0.3351.121)"" --user-data-dir=""C:\Users\Admin\AppData\Local\Packages\MicrosoftWindows.Client.CBS_cw5n1h2txyewy\LocalState\EBWebView"" --webview-exe-name=SearchHost.exe --webview-exe-version=2125.14803.30.0 --embedded-browser-webview=1 --always-read-main-dll --field-trial-handle=1828,i,15465609884746148411,1463009192753789390,262144 --enable-features=ForceSWDCompWhenDCompFallbackRequired,msAggressiveCacheTrimming,msCustomDataPartition,msEdgeFluentOverlayScrollbar,msWebView2NoTabForScreenShare,msWebViewAppLifeCycleWorkaround --disable-features=BackForwardCache,BackgroundTabLoadingFromPerformanceManager,CloseOmniboxPopupOnInactiveAreaClick,CollectAVProductsInfo,CollectCodeIntegrityInfo,EnableHangWatcher,FilterAdsOnAbusiveSites,GetWifiProtocol,LoginDetection,MediaFoundationCameraUsageMonitoring,PreconnectToSearch,SafetyHub,SegmentationPlatform,SpareRendererForSitePerProcess,Ukm,WebPayments,msAITrackerClassification,msAbydosForWindowlessWV2,msAffirmVirtualCard,msAllowChromeWebstore,msAllowMSAPrtSSOForNonMSAProfile,msApplicationGuard,msAskBeforeClosingMultipleTabs,msAutoToggleAADPrtSSOForNonAADProfile,msAutofillEdgeCoupons,msAutofillEdgeCouponsAutoApply,msAutofillEdgeServiceRequest,msAutofillEnableEdgeSuggestions,msAutomaticTabFreeze,msBrowserSettingsSupported,msCoarseGeolocationService,msDataProtection,msDesktopMode,msDesktopRewards,msDisableVariationsSeedFetchThrottling,msEEProactiveHistory,msETFOffstoreExtensionFileDataCollection,msETFPasswordTheftDNRActionSignals,msEdgeAdPlatformUI,msEdgeAddWebCapturetoCollections,msEdgeAutofillShowDeployedPassword,msEdgeCaptureSelectionInPDF,msEdgeCloudConfigService,msEdgeCloudConfigServiceV2,msEdgeCohorts,msEdgeCollectionsPrismExperiment1,msEdgeCollectionsPrismOverallMigration,msEdgeComposeNext,msEdgeEnableNurturingFramework,msEdgeEnclavePrefsBasic,msEdgeEnclavePrefsNotification,msEdgeFaviconService,msEdgeHJTelemetry,msEdgeHubAppSkype,msEdgeImageEditorUI,msEdgeLinkDoctor,msEdgeMouseGestureDefaultEnabled,msEdgeMouseGestureSupported,msEdgeNewDeviceFre,msEdgeOnRampFRE,msEdgeOnRampImport,msEdgePDFCMHighlightUX,msEdgePasswordIris,msEdgePasswordIrisSaveBubble,msEdgeProngPersonalization,msEdgeReadingView,msEdgeRose,msEdgeScreenshotUI,msEdgeSendTabToSelf,msEdgeSettingsImport,msEdgeSettingsImportV2,msEdgeShoppingPersistentStorage,msEdgeShoppingUI,msEdgeSmartFind,msEdgeSuperDragDefaultEnabled,msEdgeSuperDragDropSupported,msEdgeTipping,msEdgeTranslate,msEdgeUseCaptivePortalService,msEdgeWebCapture,msEdgeWebCaptureUniformExperience,msEdgeWebContentFilteringFeedback,msEdgeWorkSearchBanner,msEnableCustomJobMemoryLimitsOnXbox,msEnableMIPForPDF,msEnablePdfUpsell,msEnableThirdPartyScanning,msEnableWebSignInCta,msEnableWebToBrowserSignIn,msEndpointDlp,msEntityExtraction,msExtensionTelemetryFramework,msExternalTaskManager,msFileSystemAccessDirectoryIterationBlocklistCheck,msForceBrowserSignIn,msForeignSessionsPage,msGeolocationAccessService,msGeolocationOSLocationPermissionFallback,msGeolocationSQMService,msGeolocationService,msGrowthInfraLaunchSourceLogging,msGuidedSwitchAllowed,msHubPinPersist,msImplicitSignin,msIrm,msIrmv2,msKlarnaVirtualCard,msLlmConsumerDlpPurview,msLoadStatistics,msLogIsEdgePinnedToTaskbarOnLaunch,msMIPCrossTenantPdfViewSupport,msMdatpWebSiteDlp,msNotificationPermissionForPWA,msNumberOfSitesToPin,msNurturingSitePinningWithWindowsConsent,msOnHoverSearchInSidebar,msOpenOfficeDocumentsInWebViewer,msPasswordBreachDetection,msPdfAnnotationsVisibility,msPdfDataRecovery,msPdfDigitalSignatureRead,msPdfFreeText,msPdfFreeTextForCJK,msPdfHighlightMode,msPdfInking,msPdfKeyphraseSupport,msPdfOOUI,msPdfPopupMarkerRenderer,msPdfShare,msPdfSharedLibrary,msPdfTextNote,msPdfTextNoteMoreMenu,msPdfThumbnailCache,msPdfUnderside,msPdfViewRestore,msPersonalizationUMA,msPriceComparison,msPrintInWebView2,msPromptDefaultHandlerForPDF,msReactiveSearch,msReadAloud,msReadAloudPdf,msRedirectToShoreline,msRevokeExtensions,msSaasDlp,msShoppingTrigger,msShorelineSearch,msShorelineSearchFindOnPageWebUI,msShowOfflineGameEntrance,msShowReadAloudIconInAddressBar,msShowUXForAADPrtSSOForNonAADProfile,msSitePinningWithoutUi,msSmartScreenProtection,msSuspendMessageForNewSessionWhenHavingPendingNavigation,msSyncEdgeCollections,msTabResourceStats,msTokenizationAutofillInlineEnabled,msTouchMode,msTriggeringSignalGenerator,msUserUnderstanding,msVideoSuperResolutionUI,msWalletBuyNow,msWalletCheckout,msWalletDiagnosticDataLogger,msWalletHubEntry,msWalletHubIntlP3,msWalletPartialCard,msWalletPasswordCategorization,msWalletPasswordCategorizationPlatformExpansion,msWalletTokenizationCardMetadata,msWalletTokenizedAutofill,msWebAssist,msWebAssistHistorySearchService,msWebOOUI,msWindowsTaskManager,msWindowsUserActivities,msZipPayVirtualCard --variations-seed-version --mojo-platform-channel-handle=2440 /prefetch:13 /pfhostedapp:06db1a42b8d90ce6ba6899e7d549268bbd176dc9","C:\Program Files (x86)\Microsoft\EdgeWebView\Application\138.0.3351.121\msedgewebview2.exe"
"WidgetService.exe","6624","540","07-08-2025 15:11:15","""C:\Program Files\WindowsApps\Microsoft.WidgetsPlatformRuntime_1.6.9.0_x64__8wekyb3d8bbwe\WidgetService\WidgetService.exe"" -RegisterProcessAsComServer -Embedding","C:\Program Files\WindowsApps\Microsoft.WidgetsPlatformRuntime_1.6.9.0_x64__8wekyb3d8bbwe\WidgetService\WidgetService.exe"
"msedgewebview2.exe","1184","7704","07-08-2025 15:11:15","""C:\Program Files (x86)\Microsoft\EdgeWebView\Application\138.0.3351.121\msedgewebview2.exe"" --type=renderer --noerrdialogs --user-agent=""Mozilla/5.0 (Windows NT 10.0; Win64; x64; Cortana 1.18.9.23723; 10.0.0.0.26100.4652) AppleWebKit/537.36 (KHTML, like Gecko) Chrome/70.0.3538.102 Safari/537.36 Edge/18.26100 IsWebView2/True (WebView2Version 138.0.3351.121)"" --user-data-dir=""C:\Users\Admin\AppData\Local\Packages\MicrosoftWindows.Client.CBS_cw5n1h2txyewy\LocalState\EBWebView"" --webview-exe-name=SearchHost.exe --webview-exe-version=2125.14803.30.0 --embedded-browser-webview=1 --video-capture-use-gpu-memory-buffer --lang=en-GB --device-scale-factor=1 --num-raster-threads=2 --enable-main-frame-before-activation --renderer-client-id=5 --js-flags=""--expose-gc --ms-user-locale=en_IN"" --time-ticks-at-unix-epoch=-1754558773054456 --launch-time-ticks=902128500 --always-read-main-dll --field-trial-handle=1828,i,15465609884746148411,1463009192753789390,262144 --enable-features=ForceSWDCompWhenDCompFallbackRequired,msAggressiveCacheTrimming,msCustomDataPartition,msEdgeFluentOverlayScrollbar,msWebView2NoTabForScreenShare,msWebViewAppLifeCycleWorkaround --disable-features=BackForwardCache,BackgroundTabLoadingFromPerformanceManager,CloseOmniboxPopupOnInactiveAreaClick,CollectAVProductsInfo,CollectCodeIntegrityInfo,EnableHangWatcher,FilterAdsOnAbusiveSites,GetWifiProtocol,LoginDetection,MediaFoundationCameraUsageMonitoring,PreconnectToSearch,SafetyHub,SegmentationPlatform,SpareRendererForSitePerProcess,Ukm,WebPayments,msAITrackerClassification,msAbydosForWindowlessWV2,msAffirmVirtualCard,msAllowChromeWebstore,msAllowMSAPrtSSOForNonMSAProfile,msApplicationGuard,msAskBeforeClosingMultipleTabs,msAutoToggleAADPrtSSOForNonAADProfile,msAutofillEdgeCoupons,msAutofillEdgeCouponsAutoApply,msAutofillEdgeServiceRequest,msAutofillEnableEdgeSuggestions,msAutomaticTabFreeze,msBrowserSettingsSupported,msCoarseGeolocationService,msDataProtection,msDesktopMode,msDesktopRewards,msDisableVariationsSeedFetchThrottling,msEEProactiveHistory,msETFOffstoreExtensionFileDataCollection,msETFPasswordTheftDNRActionSignals,msEdgeAdPlatformUI,msEdgeAddWebCapturetoCollections,msEdgeAutofillShowDeployedPassword,msEdgeCaptureSelectionInPDF,msEdgeCloudConfigService,msEdgeCloudConfigServiceV2,msEdgeCohorts,msEdgeCollectionsPrismExperiment1,msEdgeCollectionsPrismOverallMigration,msEdgeComposeNext,msEdgeEnableNurturingFramework,msEdgeEnclavePrefsBasic,msEdgeEnclavePrefsNotification,msEdgeFaviconService,msEdgeHJTelemetry,msEdgeHubAppSkype,msEdgeImageEditorUI,msEdgeLinkDoctor,msEdgeMouseGestureDefaultEnabled,msEdgeMouseGestureSupported,msEdgeNewDeviceFre,msEdgeOnRampFRE,msEdgeOnRampImport,msEdgePDFCMHighlightUX,msEdgePasswordIris,msEdgePasswordIrisSaveBubble,msEdgeProngPersonalization,msEdgeReadingView,msEdgeRose,msEdgeScreenshotUI,msEdgeSendTabToSelf,msEdgeSettingsImport,msEdgeSettingsImportV2,msEdgeShoppingPersistentStorage,msEdgeShoppingUI,msEdgeSmartFind,msEdgeSuperDragDefaultEnabled,msEdgeSuperDragDropSupported,msEdgeTipping,msEdgeTranslate,msEdgeUseCaptivePortalService,msEdgeWebCapture,msEdgeWebCaptureUniformExperience,msEdgeWebContentFilteringFeedback,msEdgeWorkSearchBanner,msEnableCustomJobMemoryLimitsOnXbox,msEnableMIPForPDF,msEnablePdfUpsell,msEnableThirdPartyScanning,msEnableWebSignInCta,msEnableWebToBrowserSignIn,msEndpointDlp,msEntityExtraction,msExtensionTelemetryFramework,msExternalTaskManager,msFileSystemAccessDirectoryIterationBlocklistCheck,msForceBrowserSignIn,msForeignSessionsPage,msGeolocationAccessService,msGeolocationOSLocationPermissionFallback,msGeolocationSQMService,msGeolocationService,msGrowthInfraLaunchSourceLogging,msGuidedSwitchAllowed,msHubPinPersist,msImplicitSignin,msIrm,msIrmv2,msKlarnaVirtualCard,msLlmConsumerDlpPurview,msLoadStatistics,msLogIsEdgePinnedToTaskbarOnLaunch,msMIPCrossTenantPdfViewSupport,msMdatpWebSiteDlp,msNotificationPermissionForPWA,msNumberOfSitesToPin,msNurturingSitePinningWithWindowsConsent,msOnHoverSearchInSidebar,msOpenOfficeDocumentsInWebViewer,msPasswordBreachDetection,msPdfAnnotationsVisibility,msPdfDataRecovery,msPdfDigitalSignatureRead,msPdfFreeText,msPdfFreeTextForCJK,msPdfHighlightMode,msPdfInking,msPdfKeyphraseSupport,msPdfOOUI,msPdfPopupMarkerRenderer,msPdfShare,msPdfSharedLibrary,msPdfTextNote,msPdfTextNoteMoreMenu,msPdfThumbnailCache,msPdfUnderside,msPdfViewRestore,msPersonalizationUMA,msPriceComparison,msPrintInWebView2,msPromptDefaultHandlerForPDF,msReactiveSearch,msReadAloud,msReadAloudPdf,msRedirectToShoreline,msRevokeExtensions,msSaasDlp,msShoppingTrigger,msShorelineSearch,msShorelineSearchFindOnPageWebUI,msShowOfflineGameEntrance,msShowReadAloudIconInAddressBar,msShowUXForAADPrtSSOForNonAADProfile,msSitePinningWithoutUi,msSmartScreenProtection,msSuspendMessageForNewSessionWhenHavingPendingNavigation,msSyncEdgeCollections,msTabResourceStats,msTokenizationAutofillInlineEnabled,msTouchMode,msTriggeringSignalGenerator,msUserUnderstanding,msVideoSuperResolutionUI,msWalletBuyNow,msWalletCheckout,msWalletDiagnosticDataLogger,msWalletHubEntry,msWalletHubIntlP3,msWalletPartialCard,msWalletPasswordCategorization,msWalletPasswordCategorizationPlatformExpansion,msWalletTokenizationCardMetadata,msWalletTokenizedAutofill,msWebAssist,msWebAssistHistorySearchService,msWebOOUI,msWindowsTaskManager,msWindowsUserActivities,msZipPayVirtualCard --variations-seed-version --mojo-platform-channel-handle=3372 /pfhostedapp:06db1a42b8d90ce6ba6899e7d549268bbd176dc9 /prefetch:1","C:\Program Files (x86)\Microsoft\EdgeWebView\Application\138.0.3351.121\msedgewebview2.exe"
"backgroundTaskHost.exe","8596","540","07-08-2025 15:11:19","""C:\WINDOWS\system32\backgroundTaskHost.exe"" -ServerName:App.AppXfkd8mejksk4ancwf4vtyhmkvtzn1jcbs.mca","C:\WINDOWS\system32\backgroundTaskHost.exe"
"PhoneExperienceHost.exe","9468","540","07-08-2025 15:11:26","""C:\Program Files\WindowsApps\Microsoft.YourPhone_1.25061.51.0_x64__8wekyb3d8bbwe\PhoneExperienceHost.exe"" -ComServer:Background -Embedding","C:\Program Files\WindowsApps\Microsoft.YourPhone_1.25061.51.0_x64__8wekyb3d8bbwe\PhoneExperienceHost.exe"
"SecurityHealthSystray.exe","9760","3968","07-08-2025 15:11:29","""C:\Windows\System32\SecurityHealthSystray.exe"" ","C:\Windows\System32\SecurityHealthSystray.exe"
"SecurityHealthService.exe","9780","876","07-08-2025 15:11:29",,
"vmtoolsd.exe","9844","3968","07-08-2025 15:11:29","""C:\Program Files\VMware\VMware Tools\vmtoolsd.exe"" -n vmusr","C:\Program Files\VMware\VMware Tools\vmtoolsd.exe"
"OneDrive.exe","9952","3968","07-08-2025 15:11:31","""C:\Users\Admin\AppData\Local\Microsoft\OneDrive\OneDrive.exe"" /background","C:\Users\Admin\AppData\Local\Microsoft\OneDrive\OneDrive.exe"
"msedge.exe","10168","3968","07-08-2025 15:11:47","""C:\Program Files (x86)\Microsoft\Edge\Application\msedge.exe"" --no-startup-window --win-session-start","C:\Program Files (x86)\Microsoft\Edge\Application\msedge.exe"
"msedge.exe","10160","10168","07-08-2025 15:11:47","""C:\Program Files (x86)\Microsoft\Edge\Application\msedge.exe"" --type=crashpad-handler ""--user-data-dir=C:\Users\Admin\AppData\Local\Microsoft\Edge\User Data"" /prefetch:4 --monitor-self-annotation=ptype=crashpad-handler ""--database=C:\Users\Admin\AppData\Local\Microsoft\Edge\User Data\Crashpad"" ""--metrics-dir=C:\Users\Admin\AppData\Local\Microsoft\Edge\User Data"" --annotation=IsOfficialBuild=1 --annotation=channel= --annotation=chromium-version=138.0.7204.184 ""--annotation=exe=C:\Program Files (x86)\Microsoft\Edge\Application\msedge.exe"" --annotation=plat=Win64 --annotation=prod=Edge --annotation=ver=138.0.3351.121 --initial-client-data=0x274,0x278,0x27c,0x270,0x284,0x7ff9ed4ba178,0x7ff9ed4ba184,0x7ff9ed4ba190","C:\Program Files (x86)\Microsoft\Edge\Application\msedge.exe"
"msedge.exe","10128","10168","07-08-2025 15:11:47","""C:\Program Files (x86)\Microsoft\Edge\Application\msedge.exe"" --type=gpu-process --no-pre-read-main-dll --gpu-preferences=UAAAAAAAAADgAAAEAAAAAAAAAAAAAAAAAABgAAEAAAAAAAAAAAAAAAAAAAACAAAAAAAAAAAAAAAAAAAAAAAAABAAAAAAAAAAEAAAAAAAAAAIAAAAAAAAAAgAAAAAAAAA --always-read-main-dll --field-trial-handle=2436,i,16985195888924853752,12636731474334807876,262144 --variations-seed-version --mojo-platform-channel-handle=2432 /prefetch:2","C:\Program Files (x86)\Microsoft\Edge\Application\msedge.exe"
"msedge.exe","10120","10168","07-08-2025 15:11:47","""C:\Program Files (x86)\Microsoft\Edge\Application\msedge.exe"" --type=utility --utility-sub-type=network.mojom.NetworkService --lang=en-GB --service-sandbox-type=none --no-pre-read-main-dll --always-read-main-dll --field-trial-handle=2436,i,16985195888924853752,12636731474334807876,262144 --variations-seed-version --mojo-platform-channel-handle=2504 /prefetch:11","C:\Program Files (x86)\Microsoft\Edge\Application\msedge.exe"
"msedge.exe","4160","10168","07-08-2025 15:11:47","""C:\Program Files (x86)\Microsoft\Edge\Application\msedge.exe"" --type=utility --utility-sub-type=storage.mojom.StorageService --lang=en-GB --service-sandbox-type=service --no-pre-read-main-dll --always-read-main-dll --field-trial-handle=2436,i,16985195888924853752,12636731474334807876,262144 --variations-seed-version --mojo-platform-channel-handle=2824 /prefetch:13","C:\Program Files (x86)\Microsoft\Edge\Application\msedge.exe"
"CrossDeviceService.exe","6836","2132","07-08-2025 15:11:49","""C:\Program Files\WindowsApps\MicrosoftWindows.CrossDevice_1.25062.33.0_x64__cw5n1h2txyewy\CrossDeviceService.exe"" ","C:\Program Files\WindowsApps\MicrosoftWindows.CrossDevice_1.25062.33.0_x64__cw5n1h2txyewy\CrossDeviceService.exe"
"RuntimeBroker.exe","6592","540","07-08-2025 15:11:50","C:\Windows\System32\RuntimeBroker.exe -Embedding","C:\Windows\System32\RuntimeBroker.exe"
"backgroundTaskHost.exe","6248","540","07-08-2025 15:13:22","""C:\WINDOWS\system32\backgroundTaskHost.exe"" -ServerName:App.AppXe9cvj1thv1hmcw0cs98xm3r97tyzy2xs.mca","C:\WINDOWS\system32\backgroundTaskHost.exe"
"RuntimeBroker.exe","6204","540","07-08-2025 15:13:24","C:\Windows\System32\RuntimeBroker.exe -Embedding","C:\Windows\System32\RuntimeBroker.exe"
"svchost.exe","7484","876","07-08-2025 15:15:17","C:\WINDOWS\System32\svchost.exe -k netsvcs -p","C:\WINDOWS\System32\svchost.exe"
"msedgewebview2.exe","6656","7356","07-08-2025 15:16:13","""C:\Program Files (x86)\Microsoft\EdgeWebView\Application\138.0.3351.121\msedgewebview2.exe"" --embedded-browser-webview=1 --webview-exe-name=Widgets.exe --webview-exe-version=525.15301.20.0 --user-data-dir=""C:\Users\Admin\AppData\Local\Packages\MicrosoftWindows.Client.WebExperience_cw5n1h2txyewy\LocalState\EBWebView"" --noerrdialogs --disk-cache-size=52428800 --edge-webview-is-background --lang=en-GB --mojo-named-platform-channel-pipe=7356.6808.12830154231875415459 /pfhostedapp:1c69534b8c245fc5f4bb177cb08764e351d28d8c","C:\Program Files (x86)\Microsoft\EdgeWebView\Application\138.0.3351.121\msedgewebview2.exe"
"msedgewebview2.exe","9332","6656","07-08-2025 15:16:13","""C:\Program Files (x86)\Microsoft\EdgeWebView\Application\138.0.3351.121\msedgewebview2.exe"" --type=crashpad-handler --user-data-dir=C:\Users\Admin\AppData\Local\Packages\MicrosoftWindows.Client.WebExperience_cw5n1h2txyewy\LocalState\EBWebView /prefetch:4 /pfhostedapp:1c69534b8c245fc5f4bb177cb08764e351d28d8c --monitor-self-annotation=ptype=crashpad-handler --database=C:\Users\Admin\AppData\Local\Packages\MicrosoftWindows.Client.WebExperience_cw5n1h2txyewy\LocalState\EBWebView\Crashpad --metrics-dir=C:\Users\Admin\AppData\Local\Packages\MicrosoftWindows.Client.WebExperience_cw5n1h2txyewy\LocalState\EBWebView --annotation=IsOfficialBuild=1 --annotation=channel= --annotation=chromium-version=138.0.7204.184 ""--annotation=exe=C:\Program Files (x86)\Microsoft\EdgeWebView\Application\138.0.3351.121\msedgewebview2.exe"" --annotation=plat=Win64 ""--annotation=prod=Edge WebView2"" --annotation=ver=138.0.3351.121 --initial-client-data=0x178,0x17c,0x180,0x154,0x188,0x7ff9ed4ba178,0x7ff9ed4ba184,0x7ff9ed4ba190","C:\Program Files (x86)\Microsoft\EdgeWebView\Application\138.0.3351.121\msedgewebview2.exe"
"msedgewebview2.exe","3228","6656","07-08-2025 15:16:13","""C:\Program Files (x86)\Microsoft\EdgeWebView\Application\138.0.3351.121\msedgewebview2.exe"" --type=gpu-process --noerrdialogs --user-data-dir=""C:\Users\Admin\AppData\Local\Packages\MicrosoftWindows.Client.WebExperience_cw5n1h2txyewy\LocalState\EBWebView"" --webview-exe-name=Widgets.exe --webview-exe-version=525.15301.20.0 --embedded-browser-webview=1 --no-pre-read-main-dll --gpu-preferences=UAAAAAAAAADgAAAEAAAAAAAAAAAAAAAAAABgAAEAAAAAAAAAAAAAAAAAAAACAAAAAAAAAAAAAAAAAAAAAAAAABAAAAAAAAAAEAAAAAAAAAAIAAAAAAAAAAgAAAAAAAAA --always-read-main-dll --field-trial-handle=1876,i,16728891369969697553,12594576637243554178,262144 --enable-features=ForceSWDCompWhenDCompFallbackRequired,msAggressiveCacheTrimming,msCustomDataPartition,msWebView2NoTabForScreenShare,msWindowsTaskManager --disable-features=BackForwardCache,BackgroundTabLoadingFromPerformanceManager,CloseOmniboxPopupOnInactiveAreaClick,CollectAVProductsInfo,CollectCodeIntegrityInfo,EnableHangWatcher,FilterAdsOnAbusiveSites,GetWifiProtocol,LoginDetection,PreconnectToSearch,SafetyHub,SegmentationPlatform,SpareRendererForSitePerProcess,Ukm,WebPayments,msAITrackerClassification,msAbydosForWindowlessWV2,msAffirmVirtualCard,msAllowChromeWebstore,msAllowMSAPrtSSOForNonMSAProfile,msApplicationGuard,msAskBeforeClosingMultipleTabs,msAutoToggleAADPrtSSOForNonAADProfile,msAutofillEdgeCoupons,msAutofillEdgeCouponsAutoApply,msAutofillEdgeServiceRequest,msAutofillEnableEdgeSuggestions,msAutomaticTabFreeze,msBrowserSettingsSupported,msCoarseGeolocationService,msDataProtection,msDesktopMode,msDesktopRewards,msDisableVariationsSeedFetchThrottling,msEEProactiveHistory,msETFOffstoreExtensionFileDataCollection,msETFPasswordTheftDNRActionSignals,msEdgeAdPlatformUI,msEdgeAddWebCapturetoCollections,msEdgeAutofillShowDeployedPassword,msEdgeCaptureSelectionInPDF,msEdgeCloudConfigService,msEdgeCloudConfigServiceV2,msEdgeCohorts,msEdgeCollectionsPrismExperiment1,msEdgeCollectionsPrismOverallMigration,msEdgeComposeNext,msEdgeEnableNurturingFramework,msEdgeEnclavePrefsBasic,msEdgeEnclavePrefsNotification,msEdgeFaviconService,msEdgeHJTelemetry,msEdgeHubAppSkype,msEdgeImageEditorUI,msEdgeLinkDoctor,msEdgeMouseGestureDefaultEnabled,msEdgeMouseGestureSupported,msEdgeNewDeviceFre,msEdgeOnRampFRE,msEdgeOnRampImport,msEdgePDFCMHighlightUX,msEdgePasswordIris,msEdgePasswordIrisSaveBubble,msEdgeProngPersonalization,msEdgeReadingView,msEdgeRose,msEdgeScreenshotUI,msEdgeSendTabToSelf,msEdgeSettingsImport,msEdgeSettingsImportV2,msEdgeShoppingPersistentStorage,msEdgeShoppingUI,msEdgeSmartFind,msEdgeSuperDragDefaultEnabled,msEdgeSuperDragDropSupported,msEdgeTipping,msEdgeTranslate,msEdgeUseCaptivePortalService,msEdgeWebCapture,msEdgeWebCaptureUniformExperience,msEdgeWebContentFilteringFeedback,msEdgeWorkSearchBanner,msEnableCustomJobMemoryLimitsOnXbox,msEnableMIPForPDF,msEnablePdfUpsell,msEnableThirdPartyScanning,msEnableWebSignInCta,msEnableWebToBrowserSignIn,msEndpointDlp,msEntityExtraction,msExtensionTelemetryFramework,msExternalTaskManager,msFileSystemAccessDirectoryIterationBlocklistCheck,msForceBrowserSignIn,msForeignSessionsPage,msGeolocationAccessService,msGeolocationOSLocationPermissionFallback,msGeolocationSQMService,msGeolocationService,msGrowthInfraLaunchSourceLogging,msGuidedSwitchAllowed,msHubPinPersist,msImplicitSignin,msIrm,msIrmv2,msKlarnaVirtualCard,msLlmConsumerDlpPurview,msLoadStatistics,msLogIsEdgePinnedToTaskbarOnLaunch,msMIPCrossTenantPdfViewSupport,msMdatpWebSiteDlp,msNotificationPermissionForPWA,msNumberOfSitesToPin,msNurturingSitePinningWithWindowsConsent,msOnHoverSearchInSidebar,msOpenOfficeDocumentsInWebViewer,msPasswordBreachDetection,msPdfAnnotationsVisibility,msPdfDataRecovery,msPdfDigitalSignatureRead,msPdfFreeText,msPdfFreeTextForCJK,msPdfHighlightMode,msPdfInking,msPdfKeyphraseSupport,msPdfOOUI,msPdfPopupMarkerRenderer,msPdfShare,msPdfSharedLibrary,msPdfTextNote,msPdfTextNoteMoreMenu,msPdfThumbnailCache,msPdfUnderside,msPdfViewRestore,msPersonalizationUMA,msPriceComparison,msPromptDefaultHandlerForPDF,msReactiveSearch,msReadAloud,msReadAloudPdf,msRedirectToShoreline,msRevokeExtensions,msSaasDlp,msShoppingTrigger,msShorelineSearch,msShorelineSearchFindOnPageWebUI,msShowOfflineGameEntrance,msShowReadAloudIconInAddressBar,msShowUXForAADPrtSSOForNonAADProfile,msSitePinningWithoutUi,msSuspendMessageForNewSessionWhenHavingPendingNavigation,msSyncEdgeCollections,msTabResourceStats,msTokenizationAutofillInlineEnabled,msTouchMode,msTriggeringSignalGenerator,msUserUnderstanding,msVideoSuperResolutionUI,msWalletBuyNow,msWalletCheckout,msWalletDiagnosticDataLogger,msWalletHubEntry,msWalletHubIntlP3,msWalletPartialCard,msWalletPasswordCategorization,msWalletPasswordCategorizationPlatformExpansion,msWalletTokenizationCardMetadata,msWalletTokenizedAutofill,msWebAssist,msWebAssistHistorySearchService,msWebOOUI,msWindowsUserActivities,msZipPayVirtualCard --variations-seed-version --mojo-platform-channel-handle=1872 /prefetch:2 /pfhostedapp:1c69534b8c245fc5f4bb177cb08764e351d28d8c","C:\Program Files (x86)\Microsoft\EdgeWebView\Application\138.0.3351.121\msedgewebview2.exe"
"msedgewebview2.exe","9660","6656","07-08-2025 15:16:13","""C:\Program Files (x86)\Microsoft\EdgeWebView\Application\138.0.3351.121\msedgewebview2.exe"" --type=utility --utility-sub-type=network.mojom.NetworkService --lang=en-GB --service-sandbox-type=none --noerrdialogs --user-data-dir=""C:\Users\Admin\AppData\Local\Packages\MicrosoftWindows.Client.WebExperience_cw5n1h2txyewy\LocalState\EBWebView"" --webview-exe-name=Widgets.exe --webview-exe-version=525.15301.20.0 --embedded-browser-webview=1 --no-pre-read-main-dll --always-read-main-dll --field-trial-handle=1876,i,16728891369969697553,12594576637243554178,262144 --enable-features=ForceSWDCompWhenDCompFallbackRequired,msAggressiveCacheTrimming,msCustomDataPartition,msWebView2NoTabForScreenShare,msWindowsTaskManager --disable-features=BackForwardCache,BackgroundTabLoadingFromPerformanceManager,CloseOmniboxPopupOnInactiveAreaClick,CollectAVProductsInfo,CollectCodeIntegrityInfo,EnableHangWatcher,FilterAdsOnAbusiveSites,GetWifiProtocol,LoginDetection,PreconnectToSearch,SafetyHub,SegmentationPlatform,SpareRendererForSitePerProcess,Ukm,WebPayments,msAITrackerClassification,msAbydosForWindowlessWV2,msAffirmVirtualCard,msAllowChromeWebstore,msAllowMSAPrtSSOForNonMSAProfile,msApplicationGuard,msAskBeforeClosingMultipleTabs,msAutoToggleAADPrtSSOForNonAADProfile,msAutofillEdgeCoupons,msAutofillEdgeCouponsAutoApply,msAutofillEdgeServiceRequest,msAutofillEnableEdgeSuggestions,msAutomaticTabFreeze,msBrowserSettingsSupported,msCoarseGeolocationService,msDataProtection,msDesktopMode,msDesktopRewards,msDisableVariationsSeedFetchThrottling,msEEProactiveHistory,msETFOffstoreExtensionFileDataCollection,msETFPasswordTheftDNRActionSignals,msEdgeAdPlatformUI,msEdgeAddWebCapturetoCollections,msEdgeAutofillShowDeployedPassword,msEdgeCaptureSelectionInPDF,msEdgeCloudConfigService,msEdgeCloudConfigServiceV2,msEdgeCohorts,msEdgeCollectionsPrismExperiment1,msEdgeCollectionsPrismOverallMigration,msEdgeComposeNext,msEdgeEnableNurturingFramework,msEdgeEnclavePrefsBasic,msEdgeEnclavePrefsNotification,msEdgeFaviconService,msEdgeHJTelemetry,msEdgeHubAppSkype,msEdgeImageEditorUI,msEdgeLinkDoctor,msEdgeMouseGestureDefaultEnabled,msEdgeMouseGestureSupported,msEdgeNewDeviceFre,msEdgeOnRampFRE,msEdgeOnRampImport,msEdgePDFCMHighlightUX,msEdgePasswordIris,msEdgePasswordIrisSaveBubble,msEdgeProngPersonalization,msEdgeReadingView,msEdgeRose,msEdgeScreenshotUI,msEdgeSendTabToSelf,msEdgeSettingsImport,msEdgeSettingsImportV2,msEdgeShoppingPersistentStorage,msEdgeShoppingUI,msEdgeSmartFind,msEdgeSuperDragDefaultEnabled,msEdgeSuperDragDropSupported,msEdgeTipping,msEdgeTranslate,msEdgeUseCaptivePortalService,msEdgeWebCapture,msEdgeWebCaptureUniformExperience,msEdgeWebContentFilteringFeedback,msEdgeWorkSearchBanner,msEnableCustomJobMemoryLimitsOnXbox,msEnableMIPForPDF,msEnablePdfUpsell,msEnableThirdPartyScanning,msEnableWebSignInCta,msEnableWebToBrowserSignIn,msEndpointDlp,msEntityExtraction,msExtensionTelemetryFramework,msExternalTaskManager,msFileSystemAccessDirectoryIterationBlocklistCheck,msForceBrowserSignIn,msForeignSessionsPage,msGeolocationAccessService,msGeolocationOSLocationPermissionFallback,msGeolocationSQMService,msGeolocationService,msGrowthInfraLaunchSourceLogging,msGuidedSwitchAllowed,msHubPinPersist,msImplicitSignin,msIrm,msIrmv2,msKlarnaVirtualCard,msLlmConsumerDlpPurview,msLoadStatistics,msLogIsEdgePinnedToTaskbarOnLaunch,msMIPCrossTenantPdfViewSupport,msMdatpWebSiteDlp,msNotificationPermissionForPWA,msNumberOfSitesToPin,msNurturingSitePinningWithWindowsConsent,msOnHoverSearchInSidebar,msOpenOfficeDocumentsInWebViewer,msPasswordBreachDetection,msPdfAnnotationsVisibility,msPdfDataRecovery,msPdfDigitalSignatureRead,msPdfFreeText,msPdfFreeTextForCJK,msPdfHighlightMode,msPdfInking,msPdfKeyphraseSupport,msPdfOOUI,msPdfPopupMarkerRenderer,msPdfShare,msPdfSharedLibrary,msPdfTextNote,msPdfTextNoteMoreMenu,msPdfThumbnailCache,msPdfUnderside,msPdfViewRestore,msPersonalizationUMA,msPriceComparison,msPromptDefaultHandlerForPDF,msReactiveSearch,msReadAloud,msReadAloudPdf,msRedirectToShoreline,msRevokeExtensions,msSaasDlp,msShoppingTrigger,msShorelineSearch,msShorelineSearchFindOnPageWebUI,msShowOfflineGameEntrance,msShowReadAloudIconInAddressBar,msShowUXForAADPrtSSOForNonAADProfile,msSitePinningWithoutUi,msSuspendMessageForNewSessionWhenHavingPendingNavigation,msSyncEdgeCollections,msTabResourceStats,msTokenizationAutofillInlineEnabled,msTouchMode,msTriggeringSignalGenerator,msUserUnderstanding,msVideoSuperResolutionUI,msWalletBuyNow,msWalletCheckout,msWalletDiagnosticDataLogger,msWalletHubEntry,msWalletHubIntlP3,msWalletPartialCard,msWalletPasswordCategorization,msWalletPasswordCategorizationPlatformExpansion,msWalletTokenizationCardMetadata,msWalletTokenizedAutofill,msWebAssist,msWebAssistHistorySearchService,msWebOOUI,msWindowsUserActivities,msZipPayVirtualCard --variations-seed-version --mojo-platform-channel-handle=2072 /prefetch:11 /pfhostedapp:1c69534b8c245fc5f4bb177cb08764e351d28d8c","C:\Program Files (x86)\Microsoft\EdgeWebView\Application\138.0.3351.121\msedgewebview2.exe"
"msedgewebview2.exe","4312","6656","07-08-2025 15:16:13","""C:\Program Files (x86)\Microsoft\EdgeWebView\Application\138.0.3351.121\msedgewebview2.exe"" --type=utility --utility-sub-type=storage.mojom.StorageService --lang=en-GB --service-sandbox-type=service --noerrdialogs --user-data-dir=""C:\Users\Admin\AppData\Local\Packages\MicrosoftWindows.Client.WebExperience_cw5n1h2txyewy\LocalState\EBWebView"" --webview-exe-name=Widgets.exe --webview-exe-version=525.15301.20.0 --embedded-browser-webview=1 --no-pre-read-main-dll --always-read-main-dll --field-trial-handle=1876,i,16728891369969697553,12594576637243554178,262144 --enable-features=ForceSWDCompWhenDCompFallbackRequired,msAggressiveCacheTrimming,msCustomDataPartition,msWebView2NoTabForScreenShare,msWindowsTaskManager --disable-features=BackForwardCache,BackgroundTabLoadingFromPerformanceManager,CloseOmniboxPopupOnInactiveAreaClick,CollectAVProductsInfo,CollectCodeIntegrityInfo,EnableHangWatcher,FilterAdsOnAbusiveSites,GetWifiProtocol,LoginDetection,PreconnectToSearch,SafetyHub,SegmentationPlatform,SpareRendererForSitePerProcess,Ukm,WebPayments,msAITrackerClassification,msAbydosForWindowlessWV2,msAffirmVirtualCard,msAllowChromeWebstore,msAllowMSAPrtSSOForNonMSAProfile,msApplicationGuard,msAskBeforeClosingMultipleTabs,msAutoToggleAADPrtSSOForNonAADProfile,msAutofillEdgeCoupons,msAutofillEdgeCouponsAutoApply,msAutofillEdgeServiceRequest,msAutofillEnableEdgeSuggestions,msAutomaticTabFreeze,msBrowserSettingsSupported,msCoarseGeolocationService,msDataProtection,msDesktopMode,msDesktopRewards,msDisableVariationsSeedFetchThrottling,msEEProactiveHistory,msETFOffstoreExtensionFileDataCollection,msETFPasswordTheftDNRActionSignals,msEdgeAdPlatformUI,msEdgeAddWebCapturetoCollections,msEdgeAutofillShowDeployedPassword,msEdgeCaptureSelectionInPDF,msEdgeCloudConfigService,msEdgeCloudConfigServiceV2,msEdgeCohorts,msEdgeCollectionsPrismExperiment1,msEdgeCollectionsPrismOverallMigration,msEdgeComposeNext,msEdgeEnableNurturingFramework,msEdgeEnclavePrefsBasic,msEdgeEnclavePrefsNotification,msEdgeFaviconService,msEdgeHJTelemetry,msEdgeHubAppSkype,msEdgeImageEditorUI,msEdgeLinkDoctor,msEdgeMouseGestureDefaultEnabled,msEdgeMouseGestureSupported,msEdgeNewDeviceFre,msEdgeOnRampFRE,msEdgeOnRampImport,msEdgePDFCMHighlightUX,msEdgePasswordIris,msEdgePasswordIrisSaveBubble,msEdgeProngPersonalization,msEdgeReadingView,msEdgeRose,msEdgeScreenshotUI,msEdgeSendTabToSelf,msEdgeSettingsImport,msEdgeSettingsImportV2,msEdgeShoppingPersistentStorage,msEdgeShoppingUI,msEdgeSmartFind,msEdgeSuperDragDefaultEnabled,msEdgeSuperDragDropSupported,msEdgeTipping,msEdgeTranslate,msEdgeUseCaptivePortalService,msEdgeWebCapture,msEdgeWebCaptureUniformExperience,msEdgeWebContentFilteringFeedback,msEdgeWorkSearchBanner,msEnableCustomJobMemoryLimitsOnXbox,msEnableMIPForPDF,msEnablePdfUpsell,msEnableThirdPartyScanning,msEnableWebSignInCta,msEnableWebToBrowserSignIn,msEndpointDlp,msEntityExtraction,msExtensionTelemetryFramework,msExternalTaskManager,msFileSystemAccessDirectoryIterationBlocklistCheck,msForceBrowserSignIn,msForeignSessionsPage,msGeolocationAccessService,msGeolocationOSLocationPermissionFallback,msGeolocationSQMService,msGeolocationService,msGrowthInfraLaunchSourceLogging,msGuidedSwitchAllowed,msHubPinPersist,msImplicitSignin,msIrm,msIrmv2,msKlarnaVirtualCard,msLlmConsumerDlpPurview,msLoadStatistics,msLogIsEdgePinnedToTaskbarOnLaunch,msMIPCrossTenantPdfViewSupport,msMdatpWebSiteDlp,msNotificationPermissionForPWA,msNumberOfSitesToPin,msNurturingSitePinningWithWindowsConsent,msOnHoverSearchInSidebar,msOpenOfficeDocumentsInWebViewer,msPasswordBreachDetection,msPdfAnnotationsVisibility,msPdfDataRecovery,msPdfDigitalSignatureRead,msPdfFreeText,msPdfFreeTextForCJK,msPdfHighlightMode,msPdfInking,msPdfKeyphraseSupport,msPdfOOUI,msPdfPopupMarkerRenderer,msPdfShare,msPdfSharedLibrary,msPdfTextNote,msPdfTextNoteMoreMenu,msPdfThumbnailCache,msPdfUnderside,msPdfViewRestore,msPersonalizationUMA,msPriceComparison,msPromptDefaultHandlerForPDF,msReactiveSearch,msReadAloud,msReadAloudPdf,msRedirectToShoreline,msRevokeExtensions,msSaasDlp,msShoppingTrigger,msShorelineSearch,msShorelineSearchFindOnPageWebUI,msShowOfflineGameEntrance,msShowReadAloudIconInAddressBar,msShowUXForAADPrtSSOForNonAADProfile,msSitePinningWithoutUi,msSuspendMessageForNewSessionWhenHavingPendingNavigation,msSyncEdgeCollections,msTabResourceStats,msTokenizationAutofillInlineEnabled,msTouchMode,msTriggeringSignalGenerator,msUserUnderstanding,msVideoSuperResolutionUI,msWalletBuyNow,msWalletCheckout,msWalletDiagnosticDataLogger,msWalletHubEntry,msWalletHubIntlP3,msWalletPartialCard,msWalletPasswordCategorization,msWalletPasswordCategorizationPlatformExpansion,msWalletTokenizationCardMetadata,msWalletTokenizedAutofill,msWebAssist,msWebAssistHistorySearchService,msWebOOUI,msWindowsUserActivities,msZipPayVirtualCard --variations-seed-version --mojo-platform-channel-handle=2452 /prefetch:13 /pfhostedapp:1c69534b8c245fc5f4bb177cb08764e351d28d8c","C:\Program Files (x86)\Microsoft\EdgeWebView\Application\138.0.3351.121\msedgewebview2.exe"
"msedgewebview2.exe","4196","6656","07-08-2025 15:16:13","""C:\Program Files (x86)\Microsoft\EdgeWebView\Application\138.0.3351.121\msedgewebview2.exe"" --type=renderer --noerrdialogs --user-data-dir=""C:\Users\Admin\AppData\Local\Packages\MicrosoftWindows.Client.WebExperience_cw5n1h2txyewy\LocalState\EBWebView"" --webview-exe-name=Widgets.exe --webview-exe-version=525.15301.20.0 --embedded-browser-webview=1 --no-pre-read-main-dll --video-capture-use-gpu-memory-buffer --lang=en-GB --device-scale-factor=1 --num-raster-threads=2 --enable-main-frame-before-activation --renderer-client-id=5 --js-flags=""--expose-gc --ms-user-locale=en_IN"" --time-ticks-at-unix-epoch=-1754558772806820 --launch-time-ticks=1200616676 --always-read-main-dll --field-trial-handle=1876,i,16728891369969697553,12594576637243554178,262144 --enable-features=ForceSWDCompWhenDCompFallbackRequired,msAggressiveCacheTrimming,msCustomDataPartition,msWebView2NoTabForScreenShare,msWindowsTaskManager --disable-features=BackForwardCache,BackgroundTabLoadingFromPerformanceManager,CloseOmniboxPopupOnInactiveAreaClick,CollectAVProductsInfo,CollectCodeIntegrityInfo,EnableHangWatcher,FilterAdsOnAbusiveSites,GetWifiProtocol,LoginDetection,PreconnectToSearch,SafetyHub,SegmentationPlatform,SpareRendererForSitePerProcess,Ukm,WebPayments,msAITrackerClassification,msAbydosForWindowlessWV2,msAffirmVirtualCard,msAllowChromeWebstore,msAllowMSAPrtSSOForNonMSAProfile,msApplicationGuard,msAskBeforeClosingMultipleTabs,msAutoToggleAADPrtSSOForNonAADProfile,msAutofillEdgeCoupons,msAutofillEdgeCouponsAutoApply,msAutofillEdgeServiceRequest,msAutofillEnableEdgeSuggestions,msAutomaticTabFreeze,msBrowserSettingsSupported,msCoarseGeolocationService,msDataProtection,msDesktopMode,msDesktopRewards,msDisableVariationsSeedFetchThrottling,msEEProactiveHistory,msETFOffstoreExtensionFileDataCollection,msETFPasswordTheftDNRActionSignals,msEdgeAdPlatformUI,msEdgeAddWebCapturetoCollections,msEdgeAutofillShowDeployedPassword,msEdgeCaptureSelectionInPDF,msEdgeCloudConfigService,msEdgeCloudConfigServiceV2,msEdgeCohorts,msEdgeCollectionsPrismExperiment1,msEdgeCollectionsPrismOverallMigration,msEdgeComposeNext,msEdgeEnableNurturingFramework,msEdgeEnclavePrefsBasic,msEdgeEnclavePrefsNotification,msEdgeFaviconService,msEdgeHJTelemetry,msEdgeHubAppSkype,msEdgeImageEditorUI,msEdgeLinkDoctor,msEdgeMouseGestureDefaultEnabled,msEdgeMouseGestureSupported,msEdgeNewDeviceFre,msEdgeOnRampFRE,msEdgeOnRampImport,msEdgePDFCMHighlightUX,msEdgePasswordIris,msEdgePasswordIrisSaveBubble,msEdgeProngPersonalization,msEdgeReadingView,msEdgeRose,msEdgeScreenshotUI,msEdgeSendTabToSelf,msEdgeSettingsImport,msEdgeSettingsImportV2,msEdgeShoppingPersistentStorage,msEdgeShoppingUI,msEdgeSmartFind,msEdgeSuperDragDefaultEnabled,msEdgeSuperDragDropSupported,msEdgeTipping,msEdgeTranslate,msEdgeUseCaptivePortalService,msEdgeWebCapture,msEdgeWebCaptureUniformExperience,msEdgeWebContentFilteringFeedback,msEdgeWorkSearchBanner,msEnableCustomJobMemoryLimitsOnXbox,msEnableMIPForPDF,msEnablePdfUpsell,msEnableThirdPartyScanning,msEnableWebSignInCta,msEnableWebToBrowserSignIn,msEndpointDlp,msEntityExtraction,msExtensionTelemetryFramework,msExternalTaskManager,msFileSystemAccessDirectoryIterationBlocklistCheck,msForceBrowserSignIn,msForeignSessionsPage,msGeolocationAccessService,msGeolocationOSLocationPermissionFallback,msGeolocationSQMService,msGeolocationService,msGrowthInfraLaunchSourceLogging,msGuidedSwitchAllowed,msHubPinPersist,msImplicitSignin,msIrm,msIrmv2,msKlarnaVirtualCard,msLlmConsumerDlpPurview,msLoadStatistics,msLogIsEdgePinnedToTaskbarOnLaunch,msMIPCrossTenantPdfViewSupport,msMdatpWebSiteDlp,msNotificationPermissionForPWA,msNumberOfSitesToPin,msNurturingSitePinningWithWindowsConsent,msOnHoverSearchInSidebar,msOpenOfficeDocumentsInWebViewer,msPasswordBreachDetection,msPdfAnnotationsVisibility,msPdfDataRecovery,msPdfDigitalSignatureRead,msPdfFreeText,msPdfFreeTextForCJK,msPdfHighlightMode,msPdfInking,msPdfKeyphraseSupport,msPdfOOUI,msPdfPopupMarkerRenderer,msPdfShare,msPdfSharedLibrary,msPdfTextNote,msPdfTextNoteMoreMenu,msPdfThumbnailCache,msPdfUnderside,msPdfViewRestore,msPersonalizationUMA,msPriceComparison,msPromptDefaultHandlerForPDF,msReactiveSearch,msReadAloud,msReadAloudPdf,msRedirectToShoreline,msRevokeExtensions,msSaasDlp,msShoppingTrigger,msShorelineSearch,msShorelineSearchFindOnPageWebUI,msShowOfflineGameEntrance,msShowReadAloudIconInAddressBar,msShowUXForAADPrtSSOForNonAADProfile,msSitePinningWithoutUi,msSuspendMessageForNewSessionWhenHavingPendingNavigation,msSyncEdgeCollections,msTabResourceStats,msTokenizationAutofillInlineEnabled,msTouchMode,msTriggeringSignalGenerator,msUserUnderstanding,msVideoSuperResolutionUI,msWalletBuyNow,msWalletCheckout,msWalletDiagnosticDataLogger,msWalletHubEntry,msWalletHubIntlP3,msWalletPartialCard,msWalletPasswordCategorization,msWalletPasswordCategorizationPlatformExpansion,msWalletTokenizationCardMetadata,msWalletTokenizedAutofill,msWebAssist,msWebAssistHistorySearchService,msWebOOUI,msWindowsUserActivities,msZipPayVirtualCard --variations-seed-version --mojo-platform-channel-handle=3488 /pfhostedapp:1c69534b8c245fc5f4bb177cb08764e351d28d8c /prefetch:1","C:\Program Files (x86)\Microsoft\EdgeWebView\Application\138.0.3351.121\msedgewebview2.exe"
"TextInputHost.exe","9328","540","07-08-2025 15:17:37","""C:\WINDOWS\SystemApps\MicrosoftWindows.Client.CBS_cw5n1h2txyewy\TextInputHost.exe"" -ServerName:InputApp.AppXk0k6mrh4r2q0ct33a9wgbez0x7v9cz5y.mca","C:\WINDOWS\SystemApps\MicrosoftWindows.Client.CBS_cw5n1h2txyewy\TextInputHost.exe"
"dllhost.exe","8528","540","07-08-2025 15:18:02","""C:\WINDOWS\system32\DllHost.exe"" /Processid:{CA6CC9F1-867A-481E-951E-A28C5E4F01EA}","C:\WINDOWS\system32\DllHost.exe"
"powershell_ise.exe","5068","3968","07-08-2025 15:52:21","""C:\WINDOWS\system32\WindowsPowerShell\v1.0\PowerShell_ISE.exe"" ","C:\WINDOWS\system32\WindowsPowerShell\v1.0\PowerShell_ISE.exe"
"ShellExperienceHost.exe","8340","540","07-08-2025 15:52:23","""C:\WINDOWS\SystemApps\ShellExperienceHost_cw5n1h2txyewy\ShellExperienceHost.exe"" -ServerName:App.AppXtk181tbxbce2qsex02s8tw7hfxa9xb3t.mca","C:\WINDOWS\SystemApps\ShellExperienceHost_cw5n1h2txyewy\ShellExperienceHost.exe"
"RuntimeBroker.exe","9568","540","07-08-2025 15:52:24","C:\Windows\System32\RuntimeBroker.exe -Embedding","C:\Windows\System32\RuntimeBroker.exe"
"conhost.exe","5380","5068","07-08-2025 15:57:35","\??\C:\WINDOWS\system32\conhost.exe 0x4","C:\WINDOWS\system32\conhost.exe"
"ApplicationFrameHost.exe","5208","540","07-08-2025 15:58:06","C:\WINDOWS\system32\ApplicationFrameHost.exe -Embedding","C:\WINDOWS\system32\ApplicationFrameHost.exe"
"svchost.exe","6972","876","07-08-2025 15:58:06","C:\WINDOWS\system32\svchost.exe -k LocalService -p","C:\WINDOWS\system32\svchost.exe"
"taskhostw.exe","7436","1528","07-08-2025 16:06:24","taskhostw.exe","C:\WINDOWS\system32\taskhostw.exe"
"WUDFHost.exe","10216","876","07-08-2025 17:00:01","""C:\Windows\System32\WUDFHost.exe"" -HostGUID:{193a1820-d9ac-4997-8c55-be817523f6aa} -IoEventPortName:\UMDFCommunicationPorts\WUDF\HostProcess-57c6594c-9088-4431-8b79-3e4b9af65af7 -SystemEventPortName:\UMDFCommunicationPorts\WUDF\HostProcess-7ebc57a3-2db7-4ad7-a8bc-06e8b8f1b82d -IoCancelEventPortName:\UMDFCommunicationPorts\WUDF\HostProcess-fc99dd22-13ea-4547-8cff-129fb38abf92 -NonStateChangingEventPortName:\UMDFCommunicationPorts\WUDF\HostProcess-a9e3165b-001f-42fc-b715-2a008de1e993 -LifetimeId:abdd4721-e0a2-4db7-a2cd-6d50af96c26e -DeviceGroupId: -HostArg:16","C:\Windows\System32\WUDFHost.exe"
"ctfmon.exe","3420","1260","07-08-2025 17:00:01","/QuitInfo:000000000000018C;00000000000009F0; ","C:\WINDOWS\system32\ctfmon.exe"
"TabTip.exe","2296","1260","07-08-2025 17:00:02","/QuitInfo:00000000000006EC;0000000000000A3C;  ","C:\Program Files\Common Files\microsoft shared\ink\TabTip.exe"
"SenseIR.exe","9096","3024","07-08-2025 18:24:46",,
"WmiPrvSE.exe","7624","540","07-08-2025 18:25:06","C:\WINDOWS\system32\wbem\wmiprvse.exe","C:\WINDOWS\system32\wbem\wmiprvse.exe"
"svchost.exe","6288","876","07-08-2025 18:26:22","C:\WINDOWS\system32\svchost.exe -k GPSvcGroup","C:\WINDOWS\system32\svchost.exe"
"smartscreen.exe","7384","540","07-08-2025 18:26:38","C:\Windows\System32\smartscreen.exe -Embedding","C:\Windows\System32\smartscreen.exe"
"svchost.exe","9068","876","07-08-2025 18:26:46",,
"msiexec.exe","2816","876","07-08-2025 18:32:59","C:\WINDOWS\system32\msiexec.exe /V","C:\WINDOWS\system32\msiexec.exe"
"RuntimeBroker.exe","5420","540","07-08-2025 18:35:49","C:\Windows\System32\RuntimeBroker.exe -Embedding","C:\Windows\System32\RuntimeBroker.exe"
"sppsvc.exe","7720","876","07-08-2025 18:35:49",,
"WmiPrvSE.exe","9580","540","07-08-2025 18:35:51","C:\WINDOWS\system32\wbem\wmiprvse.exe","C:\WINDOWS\system32\wbem\wmiprvse.exe"
"TrustedInstaller.exe","4308","876","07-08-2025 18:35:51","C:\WINDOWS\servicing\TrustedInstaller.exe","C:\WINDOWS\servicing\TrustedInstaller.exe"
"TiWorker.exe","384","540","07-08-2025 18:35:51","C:\WINDOWS\winsxs\amd64_microsoft-windows-servicingstack_31bf3856ad364e35_10.0.26100.4651_none_a510910d775cffb2\TiWorker.exe -Embedding","C:\WINDOWS\winsxs\amd64_microsoft-windows-servicingstack_31bf3856ad364e35_10.0.26100.4651_none_a510910d775cffb2\TiWorker.exe"
